Title,Category,Summary,Deadline_or_Dates,Eligibility_Tags,Application_URL
Amherst College Access to Amherst (A2A),College Fly-In Programs,"All-expenses-paid campus visit giving high-achieving high school seniors an authentic preview of liberal arts education, student life, and admissions at Amherst.","Program Sept 26–28, 2026; application deadline Aug 10, 2026","High School Seniors, Underrepresented / First-Generation Students",https://www.amherst.edu/admission/diversity/a2a
Bowdoin College Explore Bowdoin,College Fly-In Programs,"Fully funded overnight program where prospective students attend classes, meet faculty, interact with current students, and experience life on the Maine campus.","Sept 17–19 or Oct 22–24, 2026","High School Seniors, Diverse Backgrounds",https://www.bowdoin.edu/admissions/visit/explore-bowdoin/index.html
Carleton College Taste of Carleton (TOC),College Fly-In Programs,Generously funded travel program introducing prospective seniors from underrepresented cultural and socioeconomic backgrounds to Midwest liberal arts excellence.,"Program Oct 11–12, 2026; application deadline Aug 10",High School Seniors,https://www.carleton.edu/admissions/visit/toc/
Dartmouth College Indigenous Fly-In Program,College Fly-In Programs,"Specialized campus immersion program designed to connect Native American, Alaska Native, and Native Hawaiian students with Dartmouth's vibrant Native community, faculty, and academic resources.",Early September,"High School Seniors, Indigenous / Native Students",https://admissions.dartmouth.edu/visit/visitation-programs/indigenous-fly-program
Dartmouth College Dartmouth Bound,College Fly-In Programs,"Fully funded July campus program for rising seniors from underserved, first-generation, low-income, or rural backgrounds to experience Dartmouth firsthand.","July 2026","High School Seniors, First-Gen / Low-Income / Rural",https://admissions.dartmouth.edu/visit/visitation-programs/dartmouth-bound-summer-program
Williams College Windows on Williams (WOW),College Fly-In Programs,All-expenses-paid fly-in program providing high-achieving seniors from low-income and underrepresented backgrounds a glimpse into tutorial-style learning and rural New England campus life.,"Oct 4–6, 2026; application deadline Aug 1","High School Seniors, Low-Income / First-Gen",https://www.williams.edu/admission-aid/wow/
Pomona College Perspectives on Pomona (POP),College Fly-In Programs,"Travel grant supported weekend introducing high school seniors to Southern California's premier liberal arts institution, campus dining, and consortium opportunities.","Application deadline Aug 10, 2026; decisions by early September","High School Seniors, Underrepresented Backgrounds",https://www.pomona.edu/admissions/diversity/fall-fly-program-pop
Swarthmore College Discover Swarthmore (DS),College Fly-In Programs,"All-expenses-paid program offering prospective seniors opportunity to attend classes, stay in residence halls, and gain insights from admissions officers.","Sept 24–26 or Oct 22–24, 2026","High School Seniors, First-Gen / Underrepresented",https://www.swarthmore.edu/admissions-aid/discover-swarthmore-fly-program
Tufts University Voices of Tufts: A Day on the Hill,College Fly-In Programs,"One-day diversity program with no overnight stay, offering students an introduction to Tufts and its community; a virtual option is also available.","Oct 18, 2026 (in-person, one day); virtual option Sept 27; application deadline July 27, 2026",High School Seniors,https://admissions.tufts.edu/voices/voices-home/
Washington University in St. Louis WashU FLI-In,College Fly-In Programs,"Fly-in program for first-generation and limited-income prospective students to experience WashU (replaces the discontinued Preview WashU program).","Fall 2026 (check site for exact dates)","High School Seniors, First-Gen / Limited-Income",https://admissions.washu.edu/washu-fli-in/
Colgate University Colgate in Focus (CIF),College Fly-In Programs,"Overnight visitation program offering fully funded travel for prospective seniors to engage with student organizations, faculty, and academic departments.","October 2026; application deadline early September (verify exact dates — Colgate's page was showing stale cached dates as of last check)",High School Seniors,https://www.colgate.edu/admission-aid/visit/colgate-focus
Middlebury College Discover Middlebury,College Fly-In Programs,"Fully funded fly-in opportunity focusing on prospective students from underrepresented background interested in language immersion, environmental studies, and liberal arts.","Oct 11–13, 2026; application deadline Sept 4, 2026","High School Seniors, Underrepresented Students",https://www.middlebury.edu/college/admissions/visit-us/special-visits
Oberlin College Oberlin Overnight (Diversity & Access),College Fly-In Programs,All-expenses-paid visitation program showcasing Oberlin College and Conservatory for high-achieving high school seniors.,"Oct 11–13, 2026 (also a November session); priority deadline ~late September",High School Seniors,https://www.oberlin.edu/admissions-and-aid/visit-and-connect/visit-programs/oberlin-overnight-program
Wesleyan University WesExplore,College Fly-In Programs,Transportation assistance and housing assistance for high school seniors exploring open-curriculum studies and interdisciplinary majors in Connecticut.,"Application opens May 1; deadline Aug 3, 2026; program Oct 4–6, 2026","High School Seniors, Financial Need",https://www.wesleyan.edu/admission/visit-connect/wesexplore.html
Colorado College Discover Colorado College (DCC),College Fly-In Programs,Travel assistance for prospective students to visit Colorado College and experience their unique Block Plan system.,"Oct 3–5, 2026; application deadline July 13, 2026",High School Seniors,https://www.coloradocollege.edu/admission/for-students/explore-campus/open-house-opportunities/discover_colorado_college/discover-colorado-college.html
MIT Weekend Immersion in Science & Engineering (WISE),College Fly-In Programs,"A free, three-day fly-in for rising seniors to experience life as an MIT student, including staying on campus with a current MIT undergraduate. MIT covers all transportation costs. The program strongly encourages students from underrepresented/underserved backgrounds, rural areas, low socioeconomic means, or who would be first-generation college students to apply.","Program Oct 4–6, 2026 (application deadline TBD — check site)","High School Seniors, Underrepresented / Rural / First-Gen / Low-Income (must attend high school in the U.S. or a U.S. territory)",https://mitadmissions.org/pages/wise/
Lindy Waters III Foundation — Pathways: College Readiness & Career Exploration for Native Youth,College Fly-In Programs,"A free, ongoing mentorship and college-exposure program specifically for Native youth, including one-on-one mentorship, virtual workshops, and funded campus visits (past visits include NYU, Stanford, USC, and Oklahoma State). Run by the Lindy Waters III Foundation with support from a Running Strong for American Indian Youth Dreamstarter Grant.","Ongoing/rolling — cohort-based, check site for current opportunities",Native/Indigenous Youth,https://www.lwiiifoundation.com/college-prep