Title,Category,Summary,Deadline_or_Dates,Cost_or_Award,Eligibility_Tags,Application_URL
QuestBridge College Prep Scholars Program,Summer Program,"Pre-college awards, full scholarships to elite summer programs, and college application support for high-achieving juniors.",March 20,Fully Funded,"High School Junior, Low Income, High Merit",https://www.questbridge.org
Cobell Scholarship (Undergraduate / Pre-College),Scholarship,Merit and need-based scholarship for enrolled members of federally recognized US tribes entering or attending post-secondary programs.,June 1 / Varies,Varies by need,"Indigenous Youth, High School Senior",https://cobellscholar.org
American Indian College Fund Full Circle Scholarship,Scholarship,Provides financial support to Native American and Alaska Native high school seniors preparing for tribal colleges or universities.,January 31,"Varies ($2,000 - $10,000)","Indigenous Youth, High School Senior",https://collegefund.org
Native Forward Undergraduate & High School Senior Grant,Scholarship,Financial assistance for high school seniors and entering undergraduates pursuing higher education.,June 1 / October 15,Varies,"Indigenous Youth, High School Senior",https://www.nativeforward.org
Gates Scholarship,Scholarship,"Highly selective, full-cost scholarship for exceptional, minority high school seniors with financial need.",September 15,Full Cost of Attendance,"High School Senior, Low Income, Minority",https://www.thegatesscholarship.org
Jack Kent Cooke Foundation College Scholarship,Scholarship,High-selective scholarship for high-achieving high school seniors with financial need.,November 16,"Up to $55,000/year","High School Senior, Low Income",https://www.jkcf.org
Horatio Alger National Scholarship,Scholarship,Assists high school students who have faced and overcome great adversity in their lives.,March 15,"$25,000","High School Senior, Low Income, Rural",https://scholars.horatioalger.org
United Negro College Fund (UNCF) General Scholarships,Scholarship,Various merit and need-based awards open to high school seniors entering higher education.,Varies,Varies,"High School Senior, Minority",https://uncf.org
HACU National Scholarship Program,Scholarship,Supports Hispanic and underrepresented high school seniors transitioning to HACU partner colleges.,May 30,"$1,000 - $5,000","High School Senior, Underrepresented",https://www.hacu.net
Elks National Foundation Most Valuable Student,Scholarship,"Scholarships for high school seniors based on leadership, academics, and financial need.",November 15,"$1,000 - $12,500/yr","High School Senior, General",https://www.elks.org
Coca-Cola Scholars Program,Scholarship,Achievement-based scholarship awarded to graduating high school seniors for leadership and service.,October 31,"$20,000","High School Senior, Leadership",https://www.coca-colascholarsfoundation.org
Equitable Excellence Scholarship,Scholarship,"Recognizes high school seniors who show leadership, determination, and resilience in their communities.",December 18,"$2,500 - $20,000","High School Senior, General",https://equitable.com
Burger King Foundation Scholarship,Scholarship,Awards graduating high school seniors based on grade point average and community involvement.,December 15,"$1,000 - $50,000","High School Senior, General",https://burgerking.scholarshipamerica.org
Taco Bell Live Más Scholarship,Scholarship,"For passionate high school innovators, creators, and dreamers pursuing post-secondary education.",January 10,"$5,000 - $25,000","High School, Creative, General",https://www.tacobellfoundation.org
Daughters of the American Revolution Native American Scholarship,Scholarship,Awarded to Native American high school seniors with financial need and strong academic marks.,January 31,"$4,000","Indigenous Youth, High School Senior",https://www.dar.org
Intertribal Timber Council Truman D. Picard Scholarship,Scholarship,Funding for Native American high school seniors pursuing natural resources or environmental science.,March 10,"$2,500","Indigenous Youth, High School Senior, STEM",https://www.itcnet.org
AISES Pre-College & High School Senior Scholarship,Scholarship,Supports Native high school students entering STEM fields at universities or tribal colleges.,May 31,"$1,000 - $2,500","Indigenous Youth, High School Senior, STEM",https://www.aises.org
National Native American EMS Association Scholarship,Scholarship,"Supports Native youth entering emergency medical services, healthcare, or public safety fields.",July 1,"$1,000","Indigenous Youth, High School Senior, Healthcare",https://nnaemsa.org
Association on American Indian Affairs Scholarships,Scholarship,Provides scholarship aid to enrolled citizens of federally recognized and non-recognized US tribes.,May 31,"$2,000 - $3,000","Indigenous Youth, High School Senior",https://www.indian-affairs.org
Udall Foundation Native American STEM/Policy Recognition,Scholarship,Early academic recognition and scholarship path support for Native high school scholars.,Rolling,Varies,"Indigenous Youth, High School, Policy, STEM",https://www.udall.gov
Ron Brown Scholar Program,Scholarship,Selects academically talented African American/minority high school seniors with public service dedication.,January 9,"$40,000 ($10k/yr)","High School Senior, Minority, Service",https://ronbrown.org
Dell Scholars Program,Scholarship,Recognizes high school students who have overcome obstacles to pursue higher education.,December 1,"$20,000 + Laptop","High School Senior, Low Income",https://www.dellscholars.org
Carson Scholars Program,Scholarship,Awarded to high school students who demonstrate high academic achievement and humanitarian qualities.,January 6,"$1,000","High School, Academic, Service",https://carsonscholars.org
Prudential Emerging Visionaries,Scholarship,Awards young people creating innovative solutions to financial and societal challenges.,November 2,"$5,000 - $15,000","High School, Innovation, Social Impact",https://www.prudential.com
US Senate Youth Program Scholarship,Scholarship,"Includes a $10,000 college scholarship and an all-expenses-paid week in Washington, D.C.",October 1,"$10,000","High School Junior/Senior, Leadership",https://usenateyouth.org
GE-Reagan Foundation Scholarship Program,Scholarship,"Honors student leaders who demonstrate exemplary leadership, drive, integrity, and citizenship.",January 4,"$10,000 - $40,000","High School Senior, Leadership",https://www.reaganfoundation.org
Coolidge Scholars Program,Scholarship,"Full-ride scholarship for high school juniors covering tuition, room, and board for four years.",January 18,Full-Ride,"High School Junior, Academic Merit",https://coolidgescholars.org
Voice of Democracy Scholarship,Scholarship,Audio-essay contest open to high school students expressing democratic values and civic duty.,October 31,"$1,000 - $35,000","High School, Writing, Civics",https://www.vfw.org
National Merit Scholarship Program,Scholarship,Academic competition for recognition and college scholarships based on PSAT/NMSQT scores.,October (PSAT),"Varies ($2,500+)","High School Junior/Senior, Academic",https://www.nationalmerit.org
Point Foundation High School Senior Scholarship,Scholarship,"Provides financial support, mentorship, and leadership training to LGBTQ and allied high school seniors.",December 5,Varies,"High School Senior, Leadership",https://pointfoundation.org
Concordia Youth Leadership & Civic Essay Competition,Scholarship,"National writing recognition focused on youth action, environmental stewardship, and community impact.",April 15,"$1,000 - $5,000","High School, Civics, Leadership",https://www.concordia.net
Trail of Tears Award for Excellence,Scholarship,"Designed to recognize outstanding graduating 8th and 12th grade Cherokee students and encourage them in the areas of academics, art, citizenship, civic organizations, Cherokee cultural activities, fine arts, school clubs and organizations, team sports, STEM and agricultural science.",March 1,Varies,"Indigenous Youth, High School, Seniors, 8th Grade, Cherokee ",https://www.cherokee.gov/departments/education-services/youth-leadership/trail-of-tears-awards-for-excellence/